{"Loss": 0.15783151984214783, "_runtime": 45, "_timestamp": 1630848106, "_step": 105, "Val Loss": 0.15007930994033813, "Acc": 80.4, "Val Acc": 81.6, "gradients/linear3.bias": {"_type": "histogram", "values": [0.0, 0.0, 0.0, 0.0, 0.0, 0.0, 0.0, 0.0, 0.0, 0.0, 0.0, 0.0, 0.0, 0.0, 0.0, 0.0, 0.0, 0.0, 0.0, 0.0, 0.0, 0.0, 0.0, 0.0, 0.0, 0.0, 0.0, 0.0, 0.0, 0.0, 0.0, 0.0, 1.0, 0.0, 0.0, 0.0, 0.0, 0.0, 0.0, 0.0, 0.0, 0.0, 0.0, 0.0, 0.0, 0.0, 0.0, 0.0, 0.0, 0.0, 0.0, 0.0, 0.0, 0.0, 0.0, 0.0, 0.0, 0.0, 0.0, 0.0, 0.0, 0.0, 0.0, 0.0], "bins": [0.022711843252182007, 0.022711843252182007, 0.022711843252182007, 0.022711843252182007, 0.022711843252182007, 0.022711843252182007, 0.022711843252182007, 0.022711843252182007, 0.022711843252182007, 0.022711843252182007, 0.022711843252182007, 0.022711843252182007, 0.022711843252182007, 0.022711843252182007, 0.022711843252182007, 0.022711843252182007, 0.022711843252182007, 0.022711843252182007, 0.022711843252182007, 0.022711843252182007, 0.022711843252182007, 0.022711843252182007, 0.022711843252182007, 0.022711843252182007, 0.022711843252182007, 0.022711843252182007, 0.022711843252182007, 0.022711843252182007, 0.022711843252182007, 0.022711843252182007, 0.022711843252182007, 0.022711843252182007, 0.022711843252182007, 0.022711843252182007, 0.022711843252182007, 0.022711843252182007, 0.022711843252182007, 0.022711843252182007, 0.022711843252182007, 0.022711843252182007, 0.022711843252182007, 0.022711843252182007, 0.022711843252182007, 0.022711843252182007, 0.022711843252182007, 0.022711843252182007, 0.022711843252182007, 0.022711843252182007, 0.022711843252182007, 0.022711843252182007, 0.022711843252182007, 0.022711843252182007, 0.022711843252182007, 0.022711843252182007, 0.022711843252182007, 0.022711843252182007, 0.022711843252182007, 0.022711843252182007, 0.022711843252182007, 0.022711843252182007, 0.022711843252182007, 0.022711843252182007, 0.022711843252182007, 0.022711843252182007, 0.022711843252182007]}, "gradients/linear3.weight": {"_type": "histogram", "values": [5.0, 3.0, 2.0, 3.0, 4.0, 12.0, 6.0, 5.0, 14.0, 8.0, 3.0, 6.0, 13.0, 7.0, 6.0, 3.0, 11.0, 14.0, 16.0, 21.0, 11.0, 14.0, 13.0, 16.0, 14.0, 3.0, 10.0, 7.0, 6.0, 6.0, 8.0, 8.0, 9.0, 10.0, 9.0, 2.0, 17.0, 9.0, 10.0, 12.0, 10.0, 9.0, 5.0, 12.0, 5.0, 5.0, 8.0, 8.0, 9.0, 9.0, 12.0, 16.0, 14.0, 17.0, 7.0, 7.0, 2.0, 0.0, 0.0, 0.0, 0.0, 0.0, 0.0, 1.0], "bins": [-0.004459278658032417, -0.004329072777181864, -0.00419886689633131, -0.004068661015480757, -0.003938455134630203, -0.0038082492537796497, -0.0036780433729290962, -0.0035478374920785427, -0.003417631611227989, -0.0032874257303774357, -0.003157219849526882, -0.0030270139686763287, -0.002896808087825775, -0.0027666022069752216, -0.002636396326124668, -0.0025061904452741146, -0.002375984564423561, -0.0022457786835730076, -0.002115572802722454, -0.0019853669218719006, -0.001855161041021347, -0.0017249551601707935, -0.00159474927932024, -0.0014645433984696865, -0.001334337517619133, -0.0012041316367685795, -0.001073925755918026, -0.0009437198750674725, -0.0008135139942169189, -0.0006833081133663654, -0.0005531022325158119, -0.0004228963516652584, -0.0002926909364759922, -0.0001624850556254387, -3.227917477488518e-05, 9.792670607566833e-05, 0.00022813258692622185, 0.00035833846777677536, 0.0004885443486273289, 0.0006187502294778824, 0.0007489561103284359, 0.0008791619911789894, 0.001009367872029543, 0.0011395737528800964, 0.00126977963373065, 0.0013999855145812035, 0.001530191395431757, 0.0016603972762823105, 0.001790603157132864, 0.0019208090379834175, 0.002051014918833971, 0.0021812207996845245, 0.002311426680535078, 0.0024416325613856316, 0.002571838442236185, 0.0027020443230867386, 0.002832250203937292, 0.0029624560847878456, 0.003092661965638399, 0.0032228678464889526, 0.003353073727339506, 0.0034832796081900597, 0.003613485489040613, 0.0037436913698911667, 0.00387389725074172]}, "gradients/batchnorm.weight": {"_type": "histogram", "values": [1.0, 0.0, 0.0, 0.0, 1.0, 0.0, 2.0, 2.0, 3.0, 2.0, 2.0, 5.0, 5.0, 5.0, 1.0, 6.0, 6.0, 6.0, 4.0, 7.0, 4.0, 2.0, 6.0, 5.0, 7.0, 12.0, 13.0, 13.0, 19.0, 22.0, 40.0, 43.0, 44.0, 33.0, 25.0, 28.0, 26.0, 17.0, 10.0, 6.0, 9.0, 8.0, 6.0, 2.0, 4.0, 4.0, 5.0, 5.0, 2.0, 3.0, 5.0, 2.0, 4.0, 6.0, 4.0, 1.0, 2.0, 2.0, 0.0, 0.0, 1.0, 1.0, 2.0, 1.0], "bins": [-0.00012623514339793473, -0.00012231657456140965, -0.00011839800572488457, -0.00011447942961240187, -0.00011056086077587679, -0.00010664229193935171, -0.00010272371582686901, -9.880514699034393e-05, -9.488657815381885e-05, -9.096800931729376e-05, -8.704944048076868e-05, -8.313086436828598e-05, -7.92122955317609e-05, -7.529372669523582e-05, -7.137515058275312e-05, -6.745658174622804e-05, -6.353801290970296e-05, -5.9619444073177874e-05, -5.5700871598673984e-05, -5.1782299124170095e-05, -4.786373028764501e-05, -4.394516145111993e-05, -4.002658897661604e-05, -3.610801650211215e-05, -3.218944766558707e-05, -2.827087701007258e-05, -2.4352306354558095e-05, -2.043373569904361e-05, -1.6515165043529123e-05, -1.2596594388014637e-05, -8.67802373250015e-06, -4.759453076985665e-06, -8.408824214711785e-07, 3.0776882340433076e-06, 6.996258889557794e-06, 1.091482954507228e-05, 1.4833400200586766e-05, 1.8751970856101252e-05, 2.2670541511615738e-05, 2.6589112167130224e-05, 3.050768282264471e-05, 3.442625165916979e-05, 3.834482413367368e-05, 4.226339660817757e-05, 4.6181965444702655e-05, 5.010053428122774e-05, 5.401910675573163e-05, 5.793767923023552e-05, 6.18562480667606e-05, 6.577481690328568e-05, 6.969338573981076e-05, 7.361196185229346e-05, 7.753053068881854e-05, 8.144909952534363e-05, 8.536767563782632e-05, 8.92862444743514e-05, 9.320481331087649e-05, 9.712338214740157e-05, 0.00010104195098392665, 0.00010496052709640935, 0.00010887909593293443, 0.00011279766476945952, 0.00011671624088194221, 0.0001206348097184673, 0.00012455337855499238]}, "gradients/batchnorm.bias": {"_type": "histogram", "values": [3.0, 1.0, 1.0, 1.0, 4.0, 5.0, 2.0, 6.0, 6.0, 10.0, 10.0, 11.0, 10.0, 12.0, 15.0, 12.0, 8.0, 16.0, 9.0, 8.0, 11.0, 6.0, 8.0, 9.0, 2.0, 5.0, 5.0, 2.0, 8.0, 6.0, 18.0, 46.0, 18.0, 7.0, 3.0, 4.0, 2.0, 5.0, 6.0, 11.0, 7.0, 8.0, 11.0, 12.0, 9.0, 5.0, 17.0, 12.0, 12.0, 7.0, 16.0, 10.0, 11.0, 11.0, 7.0, 6.0, 4.0, 3.0, 3.0, 3.0, 0.0, 3.0, 1.0, 2.0], "bins": [-0.0016231632325798273, -0.0015719070797786117, -0.001520650926977396, -0.0014693948905915022, -0.0014181387377902865, -0.001366882584989071, -0.0013156264321878552, -0.0012643702793866396, -0.0012131142430007458, -0.0011618580901995301, -0.0011106019373983145, -0.0010593459010124207, -0.001008089748211205, -0.0009568335954099894, -0.0009055774426087737, -0.0008543212898075581, -0.0008030651370063424, -0.0007518089842051268, -0.000700552889611572, -0.0006492967368103564, -0.0005980406422168016, -0.000546784489415586, -0.0004955283366143703, -0.00044427221291698515, -0.00039301608921959996, -0.00034175996552221477, -0.0002905038418248296, -0.00023924768902361393, -0.00018799156532622874, -0.00013673544162884355, -8.54792888276279e-05, -3.4223165130242705e-05, 1.7033074982464314e-05, 6.828920595580712e-05, 0.00011954533692914993, 0.00017080147517845035, 0.00022205759887583554, 0.00027331372257322073, 0.0003245698753744364, 0.00037582599907182157, 0.00042708212276920676, 0.00047833824646659195, 0.0005295943701639771, 0.0005808505229651928, 0.0006321066757664084, 0.0006833627703599632, 0.0007346189231611788, 0.0007858750177547336, 0.0008371311705559492, 0.0008883873233571649, 0.0009396434179507196, 0.0009908995125442743, 0.00104215566534549, 0.0010934118181467056, 0.0011446679709479213, 0.001195924123749137, 0.0012471801601350307, 0.0012984363129362464, 0.001349692465737462, 0.0014009485021233559, 0.0014522046549245715, 0.0015034608077257872, 0.0015547169605270028, 0.0016059731133282185, 0.0016572292661294341]}, "gradients/linear2.bias": {"_type": "histogram",