{"Loss": 0.09595262259244919, "_runtime": 72, "_timestamp": 1630848241, "_step": 47, "Val Loss": 0.13962137699127197, "Acc": 89.2, "Val Acc": 84.0, "gradients/linear3.bias": {"_type": "histogram", "values": [0.0, 0.0, 0.0, 0.0, 0.0, 0.0, 0.0, 0.0, 0.0, 0.0, 0.0, 0.0, 0.0, 0.0, 0.0, 0.0, 0.0, 0.0, 0.0, 0.0, 0.0, 0.0, 0.0, 0.0, 0.0, 0.0, 0.0, 0.0, 0.0, 0.0, 0.0, 0.0, 1.0, 0.0, 0.0, 0.0, 0.0, 0.0, 0.0, 0.0, 0.0, 0.0, 0.0, 0.0, 0.0, 0.0, 0.0, 0.0, 0.0, 0.0, 0.0, 0.0, 0.0, 0.0, 0.0, 0.0, 0.0, 0.0, 0.0, 0.0, 0.0, 0.0, 0.0, 0.0], "bins": [-0.008708249777555466, -0.008708249777555466, -0.008708249777555466, -0.008708249777555466, -0.008708249777555466, -0.008708249777555466, -0.008708249777555466, -0.008708249777555466, -0.008708249777555466, -0.008708249777555466, -0.008708249777555466, -0.008708249777555466, -0.008708249777555466, -0.008708249777555466, -0.008708249777555466, -0.008708249777555466, -0.008708249777555466, -0.008708249777555466, -0.008708249777555466, -0.008708249777555466, -0.008708249777555466, -0.008708249777555466, -0.008708249777555466, -0.008708249777555466, -0.008708249777555466, -0.008708249777555466, -0.008708249777555466, -0.008708249777555466, -0.008708249777555466, -0.008708249777555466, -0.008708249777555466, -0.008708249777555466, -0.008708249777555466, -0.008708249777555466, -0.008708249777555466, -0.008708249777555466, -0.008708249777555466, -0.008708249777555466, -0.008708249777555466, -0.008708249777555466, -0.008708249777555466, -0.008708249777555466, -0.008708249777555466, -0.008708249777555466, -0.008708249777555466, -0.008708249777555466, -0.008708249777555466, -0.008708249777555466, -0.008708249777555466, -0.008708249777555466, -0.008708249777555466, -0.008708249777555466, -0.008708249777555466, -0.008708249777555466, -0.008708249777555466, -0.008708249777555466, -0.008708249777555466, -0.008708249777555466, -0.008708249777555466, -0.008708249777555466, -0.008708249777555466, -0.008708249777555466, -0.008708249777555466, -0.008708249777555466, -0.008708249777555466]}, "gradients/linear3.weight": {"_type": "histogram", "values": [3.0, 0.0, 0.0, 0.0, 2.0, 1.0, 2.0, 2.0, 6.0, 4.0, 4.0, 7.0, 4.0, 6.0, 3.0, 2.0, 6.0, 8.0, 1.0, 5.0, 4.0, 3.0, 3.0, 3.0, 4.0, 6.0, 9.0, 6.0, 9.0, 8.0, 10.0, 5.0, 12.0, 18.0, 20.0, 18.0, 31.0, 30.0, 39.0, 66.0, 256.0, 446.0, 440.0, 257.0, 62.0, 19.0, 12.0, 11.0, 15.0, 10.0, 16.0, 19.0, 28.0, 21.0, 24.0, 17.0, 8.0, 5.0, 8.0, 1.0, 1.0, 1.0, 0.0, 1.0], "bins": [-0.028161173686385155, -0.027439024299383163, -0.026716874912381172, -0.02599472366273403, -0.02527257427573204, -0.02455042488873005, -0.023828275501728058, -0.023106124252080917, -0.022383974865078926, -0.021661825478076935, -0.020939676091074944, -0.020217524841427803, -0.019495375454425812, -0.01877322606742382, -0.01805107668042183, -0.01732892543077469, -0.016606777906417847, -0.015884628519415855, -0.01516247820109129, -0.014440328814089298, -0.013718178495764732, -0.012996029108762741, -0.01227387972176075, -0.011551729403436184, -0.010829579085111618, -0.010107429698109627, -0.009385279379785061, -0.00866312999278307, -0.007940979674458504, -0.0072188302874565125, -0.006496680434793234, -0.005774530582129955, -0.005052380263805389, -0.004330230411142111, -0.0036080805584788322, -0.0028859309386461973, -0.0021637810859829187, -0.0014416312333196402, -0.0007194816134870052, 2.668239176273346e-06, 0.0007248180918395519, 0.0014469679445028305, 0.002169117797166109, 0.002891267416998744, 0.0036134172696620226, 0.004335567355155945, 0.005057716742157936, 0.005779866594821215, 0.006502016447484493, 0.007224166300147772, 0.00794631615281105, 0.008668465539813042, 0.009390615858137608, 0.010112765245139599, 0.010834915563464165, 0.011557064950466156, 0.012279214337468147, 0.013001363724470139, 0.013723514042794704, 0.014445663429796696, 0.015167813748121262, 0.015889963135123253, 0.016612112522125244, 0.017334263771772385, 0.018056413158774376]}, "gradients/batchnorm.weight": {"_type": "histogram", "values": [1.0, 0.0, 0.0, 0.0, 0.0, 0.0, 0.0, 0.0, 0.0, 0.0, 0.0, 1.0, 0.0, 0.0, 0.0, 0.0, 0.0, 0.0, 0.0, 0.0, 0.0, 1.0, 0.0, 0.0, 1.0, 2.0, 2.0, 1.0, 10.0, 3.0, 5.0, 7.0, 6.0, 9.0, 10.0, 14.0, 13.0, 12.0, 24.0, 31.0, 30.0, 75.0, 173.0, 400.0, 408.0, 316.0, 249.0, 109.0, 56.0, 26.0, 17.0, 12.0, 8.0, 4.0, 2.0, 1.0, 2.0, 2.0, 2.0, 0.0, 1.0, 1.0, 0.0, 1.0], "bins": [-0.0017808096017688513, -0.0017406755359843373, -0.0017005413537845016, -0.0016604072879999876, -0.0016202731058001518, -0.0015801390400156379, -0.001540004857815802, -0.0014998707920312881, -0.0014597366098314524, -0.0014196025440469384, -0.0013794683618471026, -0.0013393342960625887, -0.001299200113862753, -0.001259066048078239, -0.0012189318658784032, -0.0011787978000938892, -0.0011386636178940535, -0.0010985295521095395, -0.0010583953699097037, -0.0010182613041251898, -0.000978127121925354, -0.0009379929979331791, -0.0008978588739410043, -0.0008577248081564903, -0.0008175907423719764, -0.0007774566183798015, -0.0007373224943876266, -0.0006971883703954518, -0.0006570542464032769, -0.0006169201224111021, -0.0005767859984189272, -0.0005366519326344132, -0.0004965178086422384, -0.0004563836846500635, -0.00041624956065788865, -0.0003761154366657138, -0.0003359813126735389, -0.00029584718868136406, -0.00025571309379301965, -0.0002155789698008448, -0.00017544484580866992, -0.00013531072181649506, -9.517660510027781e-05, -5.504248838406056e-05, -1.4908364391885698e-05, 2.5225759600289166e-05, 6.53598690405488e-05, 0.00010549399303272367, 0.00014562811702489853, 0.0001857622410170734, 0.00022589636500924826, 0.0002660304890014231, 0.000306164612993598, 0.00034629873698577285, 0.00038643283187411726, 0.0004265669558662921, 0.000466701079858467, 0.0005068351747468114, 0.0005469692987389863, 0.0005871034227311611, 0.000627237546723336, 0.0006673716707155108, 0.0007075057947076857, 0.0007476399186998606, 0.0007877740426920354]}, "gradients/batchnorm.bias": {"_type": "histogram", "values": [1.0, 2.0, 1.0, 2.0, 1.0, 3.0, 1.0, 1.0, 5.0, 4.0, 6.0, 10.0, 4.0, 11.0, 10.0, 16.0, 13.0, 16.0, 17.0, 15.0, 23.0, 28.0, 20.0, 30.0, 39.0, 33.0, 51.0, 43.0, 50.0, 63.0, 69.0, 65.0, 61.0, 61.0, 71.0, 69.0, 76.0, 78.0, 83.0, 82.0, 80.0, 69.0, 69.0, 68.0, 71.0, 55.0, 57.0, 40.0, 41.0, 41.0, 33.0, 32.0, 36.0, 25.0, 23.0, 22.0, 20.0, 6.0, 9.0, 4.0, 7.0, 3.0, 1.0, 2.0], "bins": [-0.00070586969377473, -0.0006872429512441158, -0.0006686161505058408, -0.0006499893497675657, -0.0006313626072369516, -0.0006127358647063375, -0.0005941090639680624, -0.0005754822632297873, -0.0005568555206991732, -0.0005382287781685591, -0.000519601977430284, -0.000500975176692009, -0.00048234843416139483, -0.00046372166252695024, -0.00044509489089250565, -0.00042646811925806105, -0.00040784134762361646, -0.00038921457598917186, -0.00037058780435472727, -0.0003519610327202827, -0.0003333342610858381, -0.0003147074894513935, -0.0002960807178169489, -0.0002774539461825043, -0.0002588271745480597, -0.0002402004029136151, -0.0002215736312791705, -0.00020294685964472592, -0.00018432008801028132, -0.00016569331637583673, -0.00014706654474139214, -0.00012843977310694754, -0.00010981305968016386, -9.118628804571927e-05, -7.255951641127467e-05, -5.393274477683008e-05, -3.530597314238548e-05, -1.667920150794089e-05, 1.947570126503706e-06, 2.05743417609483e-05, 3.9201113395392895e-05, 5.782788502983749e-05, 7.645465666428208e-05, 9.508142829872668e-05, 0.00011370819993317127, 0.00013233497156761587, 0.00015096174320206046, 0.00016958851483650506, 0.00018821528647094965, 0.00020684205810539424, 0.00022546882973983884, 0.00024409560137428343, 0.00026272237300872803, 0.0002813491446431726, 0.0002999759162776172, 0.0003186026879120618, 0.0003372294595465064, 0.000355856231180951, 0.0003744830028153956, 0.0003931097744498402, 0.0004117365460842848, 0.0004303633177187294, 0.00044899008935317397, 0.00046761686098761857, 0.00048624363262206316]}, "gradients/linear2.bias": {"_type": "histogram",